<?xml version="1.0" encoding="UTF-8"?>
<!-- This file is part of the DITA Open Toolkit project hosted on 
     Sourceforge.net. See the accompanying license.txt file for 
     applicable licenses.-->
<!-- (c) Copyright IBM Corp. 2006 All Rights Reserved. -->
<project xmlns:dita="http://dita-ot.sourceforge.net" name="build_generaltargets">

  <target name="dita.bwh.init" depends="bwh.image-metadata">
    <condition property="out.ext" value=".html">
      <not>
        <isset property="out.ext" />
      </not>
    </condition>
    <makeurl file="${dita.input.valfile}" property="dita.input.valfile.url" validate="no"/>
    <!-- Set to "true" if you get out-of-memory errors during preprocess
    while processing very large (thousands of files) document sets. -->
    <condition property="dita.bwh.reloadstylesheet" value="false">
      <not><isset property="dita.bwh.reloadstylesheet"/></not>
    </condition>
  </target>
  
  <target name="bwh.image-metadata" depends="bwh.image-metadata-check"
          unless="bwh.image-metadata.skip"
          description="Read image metadata">
    <pipeline message="Read image metadata." taskname="image-metadata" tempdir="${dita.temp.dir}">
      <module class="org.dita.dost.module.ImageMetadataModule">
        <param name="outputdir" location="${output.dir}"/>
      </module>
    </pipeline>
  </target>
  <target name="bwh.image-metadata-check">
    <condition property="bwh.image-metadata.skip">
      <isset property="noImagelist"/>
    </condition>
  </target>

    <!--requirement 3, old solution-->
  <target name="dita.topics.bwh" unless="noTopic" if="old.transform" depends="dita.bwh.init"
    description="Build bwh output from dita inner and outer topics,which will adjust the directory.">
    <condition property="args.xsl" value="${dita.plugin.com.jorsek.bwh.dir}/xsl/dita2xhtml.xsl">
      <not>
        <isset property="args.xsl" />
      </not>
    </condition>
    <xslt basedir="${dita.temp.dir}"
      destdir="${output.dir}" includesfile="${dita.temp.dir}${file.separator}${fullditatopicfile}"
      reloadstylesheet="${dita.bwh.reloadstylesheet}"
      classpathref="dost.class.path"
      extension="${out.ext}" style="${args.xsl}"
  	  filenameparameter="FILENAME"
  	  filedirparameter="FILEDIR">
      <excludesfile name="${dita.temp.dir}${file.separator}${resourceonlyfile}" if="resourceonlyfile"/>
      <includesfile name="${dita.temp.dir}${file.separator}${chunkedtopicfile}" if="chunkedtopicfile"/>
      <param name="TRANSTYPE" expression="${transtype}" />
      <param name="DITAEXT" expression="${dita.ext}" if="dita.ext" />
      <param name="FILTERFILE" expression="${dita.input.valfile.url}"
        if="dita.input.valfile" />
      <param name="CSS" expression="${args.css.file}"
        if="args.css.file" />
      <param name="CSSPATH" expression="${user.csspath}"
        if="user.csspath" />
      <param name="HDF" expression="${args.hdf}" if="args.hdf" />
      <param name="HDR" expression="${args.hdr}" if="args.hdr" />
      <param name="FTR" expression="${args.ftr}" if="args.ftr" />
      <param name="DRAFT" expression="${args.draft}" if="args.draft" />
      <param name="ARTLBL" expression="${args.artlbl}" if="args.artlbl" />
      <param name="GENERATE-TASK-LABELS" expression="${args.gen.task.lbl}" if="args.gen.task.lbl" />
      <param name="PRESERVE-DITA-CLASS" expression="${args.bwh.classattr}" if="args.bwh.classattr"/>
      <param name="NOPARENTLINK" expression="${args.hide.parent.link}" if="args.hide.parent.link"/>
  	  <param name="include.rellinks" expression="${include.rellinks}"/>
      <param name="BREADCRUMBS" expression="${args.breadcrumbs}" if="args.breadcrumbs"/>
      <param name="INDEXSHOW" expression="${args.indexshow}" if="args.indexshow" />
      <param name="genDefMeta" expression="${args.gen.default.meta}" if="args.gen.default.meta" />
      <param name="OUTEXT" expression="${out.ext}" if="out.ext" />
      <param name="BASEDIR" expression="${basedir}"/>
      <param name="OUTPUTDIR" expression="${output.dir}"/>
      <param name="DBG" expression="${args.debug}" if="args.debug"/>
      <dita:extension id="dita.conductor.bwh.param" behavior="org.dita.dost.platform.InsertAction"/>
  	  <xmlcatalog refid="dita.catalog"/>
    </xslt>
  </target>

  <target name="dita.topics.html" unless="noTopic" if="old.transform" depends="dita.bwh.init"
    description="Build HTML files from inner and outer dita topics,which will adjust the directory. ">
    <condition property="args.xsl" value="${dita.plugin.com.jorsek.bwh.dir}/xsl/dita2html.xsl">
      <not>
        <isset property="args.xsl" />
      </not>
    </condition>
    <xslt basedir="${dita.temp.dir}"
      destdir="${output.dir}" includesfile="${dita.temp.dir}${file.separator}${fullditatopicfile}"
      reloadstylesheet="${dita.bwh.reloadstylesheet}"
      classpathref="dost.class.path"
      extension="${out.ext}" style="${args.xsl}"
      filenameparameter="FILENAME"
      filedirparameter="FILEDIR">
    	<excludesfile name="${dita.temp.dir}${file.separator}${resourceonlyfile}" if="resourceonlyfile"/>
      <includesfile name="${dita.temp.dir}${file.separator}${chunkedtopicfile}" if="chunkedtopicfile"/>
      <param name="TRANSTYPE" expression="${transtype}" />
      <param name="DITAEXT" expression="${dita.ext}" if="dita.ext" />
      <param name="FILTERFILE" expression="${dita.input.valfile.url}"
        if="dita.input.valfile" />
      <param name="CSS" expression="${args.css.file}"
        if="args.css.file" />
      <param name="CSSPATH" expression="${user.csspath}"
        if="user.csspath" />
      <param name="HDF" expression="${args.hdf}" if="args.hdf" />
      <param name="HDR" expression="${args.hdr}" if="args.hdr" />
      <param name="FTR" expression="${args.ftr}" if="args.ftr" />
      <param name="DRAFT" expression="${args.draft}" if="args.draft" />
      <param name="ARTLBL" expression="${args.artlbl}" if="args.artlbl" />
      <param name="GENERATE-TASK-LABELS" expression="${args.gen.task.lbl}" if="args.gen.task.lbl" />
      <param name="PRESERVE-DITA-CLASS" expression="${args.bwh.classattr}" if="args.bwh.classattr"/>
      <param name="NOPARENTLINK" expression="${args.hide.parent.link}" if="args.hide.parent.link"/>
      <param name="include.rellinks" expression="${include.rellinks}"/>
      <param name="BREADCRUMBS" expression="${args.breadcrumbs}" if="args.breadcrumbs"/>
      <param name="INDEXSHOW" expression="${args.indexshow}" if="args.indexshow" />
      <param name="genDefMeta" expression="${args.gen.default.meta}" if="args.gen.default.meta" />
      <param name="OUTEXT" expression="${out.ext}" if="out.ext" />
      <param name="BASEDIR" expression="${basedir}"/>
      <param name="OUTPUTDIR" expression="${output.dir}"/>
      <param name="DBG" expression="${args.debug}" if="args.debug"/>
	  <dita:extension id="dita.conductor.html.param" behavior="org.dita.dost.platform.InsertAction"/>
      <xmlcatalog refid="dita.catalog"/>
    </xslt>
  </target>
  
  <!--To generate&copy inner files-->
  <!--requirement 1,2-->
  <target name="dita.inner.topics.bwh" unless="noTopic" if="inner.transform" depends="dita.bwh.init"
    description="Build bwh output from inner dita topics">
    <condition property="args.xsl" value="${dita.plugin.com.jorsek.bwh.dir}/xsl/dita2xhtml.xsl">
      <not>
        <isset property="args.xsl" />
      </not>
    </condition>
    <xslt basedir="${dita.temp.dir}"
      destdir="${output.dir}" includesfile="${dita.temp.dir}${file.separator}${fullditatopicfile}"
      reloadstylesheet="${dita.bwh.reloadstylesheet}"
      classpathref="dost.class.path"
      extension="${out.ext}" style="${args.xsl}"
      filenameparameter="FILENAME"
      filedirparameter="FILEDIR">
    	<excludesfile name="${dita.temp.dir}${file.separator}${resourceonlyfile}" if="resourceonlyfile"/>
      <includesfile name="${dita.temp.dir}${file.separator}${chunkedtopicfile}" if="chunkedtopicfile"/>
      <param name="TRANSTYPE" expression="${transtype}" />
      <param name="DITAEXT" expression="${dita.ext}" if="dita.ext" />
      <param name="FILTERFILE" expression="${dita.input.valfile.url}"
        if="dita.input.valfile" />
      <param name="CSS" expression="${args.css.file}"
        if="args.css.file" />
      <param name="CSSPATH" expression="${user.csspath}"
        if="user.csspath" />
      <param name="HDF" expression="${args.hdf}" if="args.hdf" />
      <param name="HDR" expression="${args.hdr}" if="args.hdr" />
      <param name="FTR" expression="${args.ftr}" if="args.ftr" />
      <param name="DRAFT" expression="${args.draft}" if="args.draft" />
      <param name="ARTLBL" expression="${args.artlbl}" if="args.artlbl" />
      <param name="GENERATE-TASK-LABELS" expression="${args.gen.task.lbl}" if="args.gen.task.lbl" />
      <param name="PRESERVE-DITA-CLASS" expression="${args.bwh.classattr}" if="args.bwh.classattr"/>
      <param name="NOPARENTLINK" expression="${args.hide.parent.link}" if="args.hide.parent.link"/>
      <param name="include.rellinks" expression="${include.rellinks}"/>
      <param name="BREADCRUMBS" expression="${args.breadcrumbs}" if="args.breadcrumbs"/>
      <param name="INDEXSHOW" expression="${args.indexshow}" if="args.indexshow" />
      <param name="genDefMeta" expression="${args.gen.default.meta}" if="args.gen.default.meta" />
      <param name="OUTEXT" expression="${out.ext}" if="out.ext" />
      <param name="BASEDIR" expression="${basedir}"/>
      <param name="OUTPUTDIR" expression="${output.dir}"/>
      <param name="DBG" expression="${args.debug}" if="args.debug"/>
      <dita:extension id="dita.conductor.bwh.param" behavior="org.dita.dost.platform.InsertAction"/>
      <!--New,To generate&copy all dita files in the inputmap.dir,not all files in dita.temp.dir -->
      <mapper type="regexp" 
        from="^(${tempdirToinputmapdir.relative.value})(.*?)(\.(xml|dita))$$" 
        to="\2${out.ext}"/>
      <xmlcatalog refid="dita.catalog"/>
    </xslt>
  </target>

  <target name="dita.inner.topics.html" unless="noTopic"  if="inner.transform" depends="dita.bwh.init"
    description="Build HTML files from inner dita topics">
    <condition property="args.xsl" value="${dita.plugin.com.jorsek.bwh.dir}/xsl/dita2html.xsl">
      <not>
        <isset property="args.xsl" />
      </not>
    </condition>
    <xslt basedir="${dita.temp.dir}"
      destdir="${output.dir}" includesfile="${dita.temp.dir}${file.separator}${fullditatopicfile}"
      reloadstylesheet="${dita.bwh.reloadstylesheet}"
      classpathref="dost.class.path"
      extension="${out.ext}" style="${args.xsl}"
      filenameparameter="FILENAME"
      filedirparameter="FILEDIR">
    	<excludesfile name="${dita.temp.dir}${file.separator}${resourceonlyfile}" if="resourceonlyfile"/>
      <includesfile name="${dita.temp.dir}${file.separator}${chunkedtopicfile}" if="chunkedtopicfile"/>
      <param name="TRANSTYPE" expression="${transtype}" />
      <param name="DITAEXT" expression="${dita.ext}" if="dita.ext" />
      <param name="FILTERFILE" expression="${dita.input.valfile.url}"
        if="dita.input.valfile" />
      <param name="CSS" expression="${args.css.file}"
        if="args.css.file" />
      <param name="CSSPATH" expression="${user.csspath}"
        if="user.csspath" />
      <param name="HDF" expression="${args.hdf}" if="args.hdf" />
      <param name="HDR" expression="${args.hdr}" if="args.hdr" />
      <param name="FTR" expression="${args.ftr}" if="args.ftr" />
      <param name="DRAFT" expression="${args.draft}" if="args.draft" />
      <param name="ARTLBL" expression="${args.artlbl}" if="args.artlbl" />
      <param name="GENERATE-TASK-LABELS" expression="${args.gen.task.lbl}" if="args.gen.task.lbl" />
      <param name="PRESERVE-DITA-CLASS" expression="${args.bwh.classattr}" if="args.bwh.classattr"/>
      <param name="NOPARENTLINK" expression="${args.hide.parent.link}" if="args.hide.parent.link"/>
      <param name="include.rellinks" expression="${include.rellinks}"/>
      <param name="BREADCRUMBS" expression="${args.breadcrumbs}" if="args.breadcrumbs"/>
      <param name="INDEXSHOW" expression="${args.indexshow}" if="args.indexshow" />
      <param name="genDefMeta" expression="${args.gen.default.meta}" if="args.gen.default.meta" />
      <param name="OUTEXT" expression="${out.ext}" if="out.ext" />
      <param name="BASEDIR" expression="${basedir}"/>
      <param name="OUTPUTDIR" expression="${output.dir}"/>
      <param name="DBG" expression="${args.debug}" if="args.debug"/>
	  <dita:extension id="dita.conductor.html.param" behavior="org.dita.dost.platform.InsertAction"/>
      <mapper type="regexp" 
        from="^(${tempdirToinputmapdir.relative.value})(.*?)(\.(xml|dita))$$" 
        to="\2${out.ext}"/>
      <xmlcatalog refid="dita.catalog"/>
    </xslt>
  </target>
  
  <!--requirement 2-->
  <!--if the outditafileslist is empty ,do not execute the outer transformation-->
  <target name="checkouterTransform">
  	<condition property="outer.transform">
  		<and>
  			<equals arg1="${generate.copy.outer}" arg2="2"></equals>
  			<and>
  				<isset property="outditafileslist"/>
  				<not>
  					<equals arg1="" arg2="${outditafileslist}"/>
  				</not>
  			</and>
  		</and>
	</condition>	
  </target>	
  	
  <target name="dita.outer.topics.bwh" unless="noTopic" if="outer.transform"  depends="dita.bwh.init, checkouterTransform"
    description="Build bwh output from outer dita topics">
    <condition property="args.xsl" value="${dita.plugin.com.jorsek.bwh.dir}/xsl/dita2xhtml.xsl">
      <not>
        <isset property="args.xsl" />
      </not>
    </condition>
    <xslt basedir="${dita.temp.dir}"
      destdir="${output.dir}${file.separator}${uplevels}" includesfile="${dita.temp.dir}${file.separator}${outditafilesfile}"
      reloadstylesheet="${dita.bwh.reloadstylesheet}"
      classpathref="dost.class.path"
      extension="${out.ext}" style="${args.xsl}"
      filenameparameter="FILENAME"
      filedirparameter="FILEDIR">
    	<excludesfile name="${dita.temp.dir}${file.separator}${resourceonlyfile}" if="resourceonlyfile"/>
      <param name="TRANSTYPE" expression="${transtype}" />
      <param name="DITAEXT" expression="${dita.ext}" if="dita.ext" />
      <param name="FILTERFILE" expression="${dita.input.valfile.url}"
        if="dita.input.valfile" />
      <param name="CSS" expression="${args.css.file}"
        if="args.css.file" />
      <param name="CSSPATH" expression="${user.csspath}"
        if="user.csspath" />
      <param name="HDF" expression="${args.hdf}" if="args.hdf" />
      <param name="HDR" expression="${args.hdr}" if="args.hdr" />
      <param name="FTR" expression="${args.ftr}" if="args.ftr" />
      <param name="DRAFT" expression="${args.draft}" if="args.draft" />
      <param name="ARTLBL" expression="${args.artlbl}" if="args.artlbl" />
      <param name="GENERATE-TASK-LABELS" expression="${args.gen.task.lbl}" if="args.gen.task.lbl" />
      <param name="PRESERVE-DITA-CLASS" expression="${args.bwh.classattr}" if="args.bwh.classattr"/>
      <param name="NOPARENTLINK" expression="${args.hide.parent.link}" if="args.hide.parent.link"/>
      <param name="include.rellinks" expression="${include.rellinks}"/>
      <param name="BREADCRUMBS" expression="${args.breadcrumbs}" if="args.breadcrumbs"/>
      <param name="INDEXSHOW" expression="${args.indexshow}" if="args.indexshow" />
      <param name="genDefMeta" expression="${args.gen.default.meta}" if="args.gen.default.meta" />
      <param name="OUTEXT" expression="${out.ext}" if="out.ext" />
      <param name="BASEDIR" expression="${basedir}"/>
      <param name="OUTPUTDIR" expression="${output.dir}"/>
      <param name="DBG" expression="${args.debug}" if="args.debug"/>
      <dita:extension id="dita.conductor.bwh.param" behavior="org.dita.dost.platform.InsertAction"/>
      <xmlcatalog refid="dita.catalog"/>
    </xslt>
  </target>

  <target name="dita.outer.topics.html" unless="noTopic" if="outer.transform"  depends="dita.bwh.init, checkouterTransform"
    description="Build HTML files from outer dita topics">
    <condition property="args.xsl" value="${dita.plugin.com.jorsek.bwh.dir}/xsl/dita2html.xsl">
      <not>
        <isset property="args.xsl" />
      </not>
    </condition>
    <xslt basedir="${dita.temp.dir}"
      destdir="${output.dir}${file.separator}${uplevels}" includesfile="${dita.temp.dir}${file.separator}${outditafilesfile}"
      reloadstylesheet="${dita.bwh.reloadstylesheet}"
      classpathref="dost.class.path"
      extension="${out.ext}" style="${args.xsl}"
      filenameparameter="FILENAME"
      filedirparameter="FILEDIR">
    	<excludesfile name="${dita.temp.dir}${file.separator}${resourceonlyfile}" if="resourceonlyfile"/>
      <param name="TRANSTYPE" expression="${transtype}" />
      <param name="DITAEXT" expression="${dita.ext}" if="dita.ext" />
      <param name="FILTERFILE" expression="${dita.input.valfile.url}"
        if="dita.input.valfile" />
      <param name="CSS" expression="${args.css.file}"
        if="args.css.file" />
      <param name="CSSPATH" expression="${user.csspath}"
        if="user.csspath" />
      <param name="HDF" expression="${args.hdf}" if="args.hdf" />
      <param name="HDR" expression="${args.hdr}" if="args.hdr" />
      <param name="FTR" expression="${args.ftr}" if="args.ftr" />
      <param name="DRAFT" expression="${args.draft}" if="args.draft" />
      <param name="ARTLBL" expression="${args.artlbl}" if="args.artlbl" />
      <param name="GENERATE-TASK-LABELS" expression="${args.gen.task.lbl}" if="args.gen.task.lbl" />
      <param name="PRESERVE-DITA-CLASS" expression="${args.bwh.classattr}" if="args.bwh.classattr"/>
      <param name="NOPARENTLINK" expression="${args.hide.parent.link}" if="args.hide.parent.link"/>
      <param name="include.rellinks" expression="${include.rellinks}"/>
      <param name="BREADCRUMBS" expression="${args.breadcrumbs}" if="args.breadcrumbs"/>
      <param name="INDEXSHOW" expression="${args.indexshow}" if="args.indexshow" />
      <param name="genDefMeta" expression="${args.gen.default.meta}" if="args.gen.default.meta" />
      <param name="OUTEXT" expression="${out.ext}" if="out.ext" />
      <param name="BASEDIR" expression="${basedir}"/>
      <param name="OUTPUTDIR" expression="${output.dir}"/>
      <param name="DBG" expression="${args.debug}" if="args.debug"/>
	  <dita:extension id="dita.conductor.html.param" behavior="org.dita.dost.platform.InsertAction"/>
      <xmlcatalog refid="dita.catalog"/>
    </xslt>
  </target>
</project>
